{
  "deterioration": {
    "logistic": {
      "name": "deterioration_logistic",
      "roc_auc": 0.8007372110947614,
      "pr_auc": 0.7415962660888753,
      "brier": 0.16662140718399154,
      "precision": 0.7445476851443985,
      "recall": 0.5342910563200302,
      "f1": 0.6221349983828262
    },
    "xgboost": {
      "name": "deterioration_xgboost",
      "roc_auc": 0.8723938327522839,
      "pr_auc": 0.8465287370163989,
      "brier": 0.12935933818789772,
      "precision": 0.8551053905605897,
      "recall": 0.6110662738926328,
      "f1": 0.712776105914213
    }
  }
}